folder,day,session,group,total_licks,total_bouts,total_frames,licks_per_frame,bouts_per_frame,mean_licks_per_bout,std_licks_per_bout,mean_max_tongue_area,mean_lick_duration,mean_interlick_interval
719_1,719,1,Before,286,51,49956.0,0.005725038033469453,0.0010208983905837137,5.607843137254902,8.148812014944385,2574.1013986013986,28.48951048951049,22.625531914893617
720_1,720,1,Before,250,65,52919.0,0.004724201137587634,0.001228292295772785,3.8461538461538463,7.2180995794226614,2428.52,24.848,21.697297297297297
721_1,721,1,Before,247,76,49466.0,0.004993328751061335,0.0015364088464804107,3.25,7.319608368394218,2038.5263157894738,25.234817813765183,22.795321637426902
725_1,725,1,Unknown,308,84,49725.0,0.006194067370537959,0.0016892911010558068,3.6666666666666665,5.223518025454586,2136.3766233766232,20.31168831168831,29.111607142857142
725_2,725,2,Unknown,193,57,51608.0,0.003739730274376066,0.0011044799255929313,3.3859649122807016,5.027617960415223,2296.0259067357515,21.911917098445596,28.455882352941178
726_1,726,1,Unknown,226,47,50056.0,0.00451494326354483,0.0009389483778168451,4.808510638297872,5.792192263024501,2276.079646017699,19.207964601769913,25.368715083798882
728_1,728,1,Unknown,143,22,50007.0,0.0028595996560481533,0.0004399384086227928,6.5,7.42422033745279,1540.7342657342658,16.083916083916083,28.41322314049587
728_2,728,2,Unknown,184,19,50053.0,0.003676103330469702,0.00037959762651589317,9.68421052631579,5.897764468931779,2026.5326086956522,18.347826086956523,24.096969696969698
729_1,729,1,Unknown,74,10,40232.0,0.0018393318751242793,0.000248558361503281,7.4,3.062315754094894,1353.8918918918919,14.945945945945946,30.28125
729_2,729,2,Unknown,15,5,31414.0,0.0004774941109059655,0.00015916470363532182,3.0,1.0,1293.8666666666666,15.733333333333333,32.9
729_3,729,3,Unknown,69,11,45374.0,0.0015206946709569358,0.00024242958522501873,6.2727272727272725,4.125309905713972,1357.4782608695652,14.202898550724637,26.637931034482758
731_1,731,1,Unknown,86,11,40613.0,0.002117548568192451,0.00027084923546647627,7.818181818181818,7.318718218625195,921.453488372093,11.313953488372093,31.0
731_2,731,2,Unknown,21,6,37758.0,0.0005561735261401557,0.0001589067217543302,3.5,1.51657508881031,806.1428571428571,10.428571428571429,37.266666666666666
731_3,731,3,Unknown,23,5,40604.0,0.000566446655501921,0.0001231405772830263,4.6,3.5071355833500366,906.0,11.565217391304348,32.111111111111114
801_1,801,1,Unknown,76,12,47803.0,0.001589858377089304,0.00025103027006673223,6.333333333333333,7.15202874375622,810.3026315789474,9.763157894736842,36.40625
801_2,801,2,Unknown,27,6,45426.0,0.0005943732664113062,0.0001320829480914014,4.5,3.391164991562634,740.2962962962963,11.148148148148149,27.666666666666668
801_3,801,3,Unknown,72,12,49728.0,0.0014478764478764478,0.00024131274131274132,6.0,2.215646837627989,846.3472222222222,10.5,33.833333333333336
801_4,801,4,Unknown,45,6,47552.0,0.0009463324360699866,0.00012617765814266487,7.5,3.8340579025361627,933.7777777777778,11.4,33.07692307692308
802_1,802,1,Unknown,24,3,13634.0,0.001760305119554056,0.000220038139944257,8.0,4.58257569495584,934.1666666666666,10.666666666666666,26.904761904761905
802_2,802,2,Unknown,105,7,45989.0,0.00228315466742047,0.00015221031116136467,15.0,6.454972243679028,1064.6666666666667,11.038095238095238,27.275510204081634
802_3,802,3,Unknown,15,2,15631.0,0.0009596315015034227,0.00012795086686712303,7.5,7.7781745930520225,946.3333333333334,11.066666666666666,30.153846153846153
803_1,803,1,Unknown,10,2,37288.0,0.000268182793391976,5.363655867839519e-05,5.0,1.4142135623730951,680.9,4.3,22.5
803_2,803,2,Unknown,52,6,50875.0,0.0010221130221130222,0.00011793611793611793,8.666666666666666,3.9327683210007,738.1730769230769,8.596153846153847,37.26086956521739
803_3,803,3,Unknown,26,5,51968.0,0.0005003078817733991,9.621305418719212e-05,5.2,5.6302753041037,687.4230769230769,7.961538461538462,28.523809523809526
803_4,803,4,Unknown,19,5,29397.0,0.000646324454876348,0.00017008538286219683,3.8,2.949576240750525,836.4736842105264,9.736842105263158,13.642857142857142
803_5,803,5,Unknown,57,15,40747.0,0.0013988759908704935,0.00036812526075539304,3.8,1.567527625639452,544.9122807017544,6.350877192982456,31.80952380952381
804_1,804,1,Unknown,84,18,45986.0,0.001826642891314748,0.00039142347671030313,4.666666666666667,4.910972109351012,694.0595238095239,7.7023809523809526,31.333333333333332
804_2,804,2,Unknown,72,15,47540.0,0.0015145140933950359,0.0003155237694572991,4.8,2.980891525318271,622.3611111111111,6.722222222222222,36.666666666666664
804_3,804,3,Unknown,75,19,55091.0,0.0013613838921057886,0.00034488391933346643,3.9473684210526314,2.7380788928355977,660.2266666666667,7.426666666666667,34.625
804_4,804,4,Unknown,63,12,52239.0,0.0012059955205880664,0.000229713432492965,5.25,2.958039891549808,667.7777777777778,6.507936507936508,32.588235294117645
805_1,805,1,Unknown,131,25,48966.0,0.0026753257362251356,0.0005105583466078503,5.24,3.5856194257989324,687.3816793893129,8.076335877862595,27.933962264150942
805_2,805,2,Unknown,149,22,48965.0,0.0030429898907382825,0.00044930052078014906,6.7727272727272725,4.566251126542358,581.261744966443,10.053691275167786,23.37007874015748
805_3,805,3,Unknown,142,24,50748.0,0.0027981398281705684,0.0004729250413809411,5.916666666666667,2.962323803847341,582.1971830985915,9.316901408450704,22.152542372881356
808_1,808,1,After,149,16,49430.0,0.003014363746712523,0.0003236900667610763,9.3125,7.939091047888711,606.1744966442953,12.718120805369127,22.353383458646615
808_2,808,2,After,145,18,48234.0,0.0030061782145374633,0.0003731807438736161,8.055555555555555,5.104464277037851,579.5862068965517,10.317241379310344,21.62992125984252
808_3,808,3,After,124,19,50651.0,0.0024481254071982783,0.00037511598981263943,6.526315789473684,3.9772746259583833,573.516129032258,10.620967741935484,21.504761904761907
810_1,810,1,After,135,21,50109.0,0.0026941268035682213,0.00041908639166616775,6.428571428571429,5.7233856114316515,484.27407407407406,9.703703703703704,24.535087719298247
810_2,810,2,After,127,15,48920.0,0.0025960752248569093,0.00030662305805396567,8.466666666666667,7.120058854759425,521.9685039370079,9.385826771653543,22.919642857142858
